encounterID,name,map,npcIDs,npcNames
227,"High Interrogator Gerstahn",230,9018,"High Interrogator Gerstahn"
228,"Lord Roccor",230,9025,"Lord Roccor"
229,"Houndmaster Grebmar",230,9319,"Houndmaster Grebmar"
231,"Pyromancer Loregrain",230,9024,"Pyromancer Loregrain"
232,"Lord Incendius",230,9017,"Lord Incendius"
233,"Warder Stilgiss",230,9041,"Warder Stilgiss"
234,"Fineous Darkvire",230,9056,"Fineous Darkvire"
235,"Bael'Gar",230,9016,"Bael'Gar"
236,"General Angerforge",230,9033,"General Angerforge"
237,"Golem Lord Argelmach",230,8983,"Golem Lord Argelmach"
238,"Hurley Blackbreath",230,9537,"Hurley Blackbreath"
239,"Phalanx",230,9502,"Phalanx"
240,"Ribbly Screwspigot",230,9543,"Ribbly Screwspigot"
241,"Plugger Spazzring",230,9499,"Plugger Spazzring"
242,"Ambassador Flamelash",230,9156,"Ambassador Flamelash"
243,"The Seven",230,9035 9038 9040 9037 9036 9034 9039,"Anger'rel|Seeth'rel|Dope'rel|Gloom'rel|Vile'rel|Hate'rel|Doom'rel"
244,"Magmus",230,9938,"Magmus"
267,"Highlord Omokk",229,9196,"Highlord Omokk"
268,"Shadow Hunter Vosh'gajin",229,9236,"Shadow Hunter Vosh'gajin"
269,"War Master Voone",229,9237,"War Master Voone"
270,"Mother Smolderweb",229,10596,"Mother Smolderweb"
271,"Urok Doomhowl",229,10584,"Urok Doomhowl"
272,"Quartermaster Zigris",229,9736,"Quartermaster Zigris"
273,"Gizrul the Slavener",229,10268,"Gizrul the Slavener"
274,"Halycon",229,10220,"Halycon"
275,"Overlord Wyrmthalak",229,9568,"Overlord Wyrmthalak"
343,"Zevrim Thornhoof",429,11490,"Zevrim Thornhoof"
344,"Hydrospawn",429,13280,"Hydrospawn"
345,"Lethtendris",429,14327,"Lethtendris"
346,"Alzzin the Wildshaper",429,11492,"Alzzin the Wildshaper"
347,"Illyanna Ravenoak",429,11488,"Illyanna Ravenoak"
348,"Magister Kalendris",429,11487,"Magister Kalendris"
349,"Immol'thar",429,11496,"Immol'thar"
350,"Tendris Warpwood",429,11489,"Tendris Warpwood"
361,"Prince Tortheldrin",429,11486,"Prince Tortheldrin"
362,"Guard Mol'dar",429,14326,"Guard Mol'dar"
363,"Stomper Kreeg",429,14322,"Stomper Kreeg"
364,"Guard Fengus",429,14321,"Guard Fengus"
365,"Guard Slip'kik",429,14323,"Guard Slip'kik"
366,"Captain Kromcrush",429,14325,"Captain Kromcrush"
367,"Cho'Rush the Observer",429,14324,"Cho'Rush the Observer"
368,"King Gordok",429,11501,"King Gordok"
422,"Noxxion",349,13282,"Noxxion"
423,"Razorlash",349,12258,"Razorlash"
424,"Lord Vyletongue",349,12236,"Lord Vyletongue"
425,"Celebras the Cursed",349,12225,"Celebras the Cursed"
426,"Landslide",349,12203,"Landslide"
427,"Tinkerer Gizlock",349,13601,"Tinkerer Gizlock"
428,"Rotgrip",349,13596,"Rotgrip"
429,"Princess Theradras",349,12201,"Princess Theradras"
444,"Interrogator Vishas",189,3983,"Interrogator Vishas"
446,"Houndmaster Loksey",189,3974,"Houndmaster Loksey"
447,"Arcanist Doan",189,6487,"Arcanist Doan"
448,"Herod",189,3975,"Herod"
449,"High Inquisitor Fairbanks",189,4542,"High Inquisitor Fairbanks"
450,"High Inquisitor Whitemane",189,3977,"High Inquisitor Whitemane"
472,"The Unforgiven",329,10516,"The Unforgiven"
473,"Hearthsinger Forresten",329,10558,"Hearthsinger Forresten"
474,"Timmy the Cruel",329,10808,"Timmy the Cruel"
475,"Cannon Master Willey",329,10997,"Cannon Master Willey"
476,"Malor the Zealous",329,11032,"Malor the Zealous"
477,"Archivist Galford",329,10811,"Archivist Galford"
478,"Balnazzar",329,10813,"Balnazzar"
479,"Baroness Anastari",329,10436,"Baroness Anastari"
480,"Nerub'enkan",329,10437,"Nerub'enkan"
481,"Maleki the Pallid",329,10438,"Maleki the Pallid"
482,"Magistrate Barthilas",329,10435,"Magistrate Barthilas"
483,"Ramstein the Gorger",329,10439,"Ramstein the Gorger"
484,"Baron Rivendare",329,10440,"Baron Rivendare"
486,"Dreamscythe",109,5721,"Dreamscythe"
487,"Weaver",109,5720,"Weaver"
488,"Jammal'an the Prophet",109,5710,"Jammal'an the Prophet"
490,"Morphaz",109,5719,"Morphaz"
491,"Hazzas",109,5722,"Hazzas"
492,"Avatar of Hakkar",109,8443,"Avatar of Hakkar"
493,"Shade of Eranikus",109,5709,"Shade of Eranikus"
547,"Revelosh",70,6910,"Revelosh"
548,"The Lost Dwarves",70,6906 6907 6908,"Baelog|Eric ""The Swift""|Olaf"
549,"Ironaya",70,7228,"Ironaya"
551,"Ancient Stone Keeper",70,7206,"Ancient Stone Keeper"
552,"Galgann Firehammer",70,7291,"Galgann Firehammer"
553,"Grimlok",70,4854,"Grimlok"
554,"Archaedas",70,2748,"Archaedas"
585,"Lady Anacondra",43,3671,"Lady Anacondra"
586,"Lord Cobrahn",43,3669,"Lord Cobrahn"
587,"Kresh",43,3653,"Kresh"
588,"Lord Pythas",43,3670,"Lord Pythas"
589,"Skum",43,3674,"Skum"
590,"Lord Serpentis",43,3673,"Lord Serpentis"
591,"Verdan the Everliving",43,5775,"Verdan the Everliving"
592,"Mutanus the Devourer",43,3654,"Mutanus the Devourer"
593,"Hydromancer Velratha",209,7795,"Hydromancer Velratha"
594,"Gahz'rilla",209,7273,"Gahz'rilla"
595,"Antu'sul",209,8127,"Antu'sul"
596,"Theka the Martyr",209,7272,"Theka the Martyr"
597,"Witch Doctor Zum'rah",209,7271,"Witch Doctor Zum'rah"
598,"Nekrum Gutchewer",209,7796,"Nekrum Gutchewer"
599,"Shadowpriest Sezz'ziz",209,7275,"Shadowpriest Sezz'ziz"
600,"Chief Ukorz Sandscalp",209,7267,"Chief Ukorz Sandscalp"
610,"Razorgore the Untamed",469,12435,"Razorgore the Untamed"
611,"Vaelastrasz the Corrupt",469,13020,"Vaelastrasz the Corrupt"
612,"Broodlord Lashlayer",469,12017,"Broodlord Lashlayer"
613,"Firemaw",469,11983,"Firemaw"
614,"Ebonroc",469,14601,"Ebonroc"
615,"Flamegor",469,11981,"Flamegor"
616,"Chromaggus",469,14020,"Chromaggus"
617,"Nefarian",469,11583,"Nefarian"
663,"Lucifron",409,12118,"Lucifron"
664,"Magmadar",409,11982,"Magmadar"
665,"Gehennas",409,12259,"Gehennas"
666,"Garr",409,12057,"Garr"
667,"Shazzrah",409,12264,"Shazzrah"
668,"Baron Geddon",409,12056,"Baron Geddon"
669,"Sulfuron Harbinger",409,12098,"Sulfuron Harbinger"
670,"Golemagg the Incinerator",409,11988,"Golemagg the Incinerator"
671,"Majordomo Executus",409,12018,"Majordomo Executus"
672,"Ragnaros",409,11502,"Ragnaros"
709,"The Prophet Skeram",531,15263,"The Prophet Skeram"
710,"Silithid Royalty",531,15511 15543 15544,"Lord Kri|Princess Yauj|Vem"
711,"Battleguard Sartura",531,15516,"Battleguard Sartura"
712,"Fankriss the Unyielding",531,15510,"Fankriss the Unyielding"
713,"Viscidus",531,15299,"Viscidus"
714,"Princess Huhuran",531,15509,"Princess Huhuran"
715,"Twin Emperors",531,15276 15275,"Emperor Vek'lor|Emperor Vek'nilash"
716,"Ouro",531,15517,"Ouro"
717,"C'thun",531,15727,"C'thun"
718,"Kurinnaxx",509,15348,"Kurinnaxx"
719,"General Rajaxx",509,15341,"General Rajaxx"
720,"Moam",509,15340,"Moam"
721,"Buru the Gorger",509,15370,"Buru the Gorger"
722,"Ayamiss the Hunter",509,15369,"Ayamiss the Hunter"
723,"Ossirian the Unscarred",509,15339,"Ossirian the Unscarred"
784,"High Priest Venoxis",309,14507,"High Priest Venoxis"
785,"High Priestess Jeklik",309,14517,"High Priestess Jeklik"
786,"High Priestess Mar'li",309,14510,"High Priestess Mar'li"
787,"Bloodlord Mandokir",309,11382,"Bloodlord Mandokir"
789,"High Priest Thekal",309,14509,"High Priest Thekal"
790,"Gahz'ranka",309,15114,"Gahz'ranka"
791,"High Priestess Arlokk",309,14515,"High Priestess Arlokk"
792,"Jin'do the Hexxer",309,11380,"Jin'do the Hexxer"
793,"Hakkar",309,14834,"Hakkar"
1084,"Onyxia",249,10184,"Onyxia"
1107,"Anub'Rekhan",533,15956,"Anub'Rekhan"
1108,"Gluth",533,15932,"Gluth"
1109,"Gothik the Harvester",533,16060,"Gothik the Harvester"
1110,"Grand Widow Faerlina",533,15953,"Grand Widow Faerlina"
1111,"Grobbulus",533,15931,"Grobbulus"
1112,"Heigan the Unclean",533,15936,"Heigan the Unclean"
1113,"Instructor Razuvious",533,16061,"Instructor Razuvious"
1114,"Kel'Thuzad",533,15990,"Kel'Thuzad"
1115,"Loatheb",533,16011,"Loatheb"
1116,"Maexxna",533,15952,"Maexxna"
1117,"Noth the Plaguebringer",533,15954,"Noth the Plaguebringer"
1118,"Patchwerk",533,16028,"Patchwerk"
1119,"Sapphiron",533,15989,"Sapphiron"
1120,"Thaddius",533,15928,"Thaddius"
1121,"The Four Horsemen",533,16064 16065 16062 16063,"Thane Korth'azz|Lady Blaumeux|Highlord Mograine|Sir Zeliek"
1887,"Obsidian Sentinel",70,7023,"Obsidian Sentinel"
2694,"Baron Aquanis",48,12876,"Baron Aquanis"
2697,"Ghamoo-ra",48,4887,"Ghamoo-ra"
2699,"Lady Sarevess",48,4831,"Lady Sarevess"
2704,"Gelihast",48,6243,"Gelihast"
2710,"Lorgus Jett",48,12902,"Lorgus Jett"
2732,"Oggleflint",389,11517,"Oggleflint"
2733,"Taragaman the Hungerer",389,11520,"Taragaman the Hungerer"
2734,"Jergosh the Invoker",389,11518,"Jergosh the Invoker"
2735,"Bazzalan",389,11519,"Bazzalan"
2741,"Rhahk'Zor",36,644,"Rhahk'Zor"
2742,"Sneed",36,643,"Sneed"
2743,"Gilnid",36,1763,"Gilnid"
2744,"Captain Greenskin",36,647,"Captain Greenskin"
2745,"Mr. Smite",36,646,"Mr. Smite"
2746,"Cookie",36,645,"Cookie"
2747,"Edwin VanCleef",36,639,"Edwin VanCleef"
2748,"Rethilgore",33,3914,"Rethilgore"
2749,"Razorclaw the Butcher",33,3886,"Razorclaw the Butcher"
2750,"Baron Silverlaine",33,3887,"Baron Silverlaine"
2751,"Commander Springvale",33,4278,"Commander Springvale"
2752,"Odo the Blindwatcher",33,4279,"Odo the Blindwatcher"
2753,"Fenrus the Devourer",33,4274,"Fenrus the Devourer"
2754,"Wolf Master Nandos",33,3927,"Wolf Master Nandos"
2755,"Archmage Arugal",33,4275,"Archmage Arugal"
2756,"Targorr the Dread",34,1696,"Targorr the Dread"
2757,"Kam Deepfury",34,1666,"Kam Deepfury"
2758,"Hamhock",34,1717,"Hamhock"
2759,"Dextren Ward",34,1663,"Dextren Ward"
2760,"Bazil Thredd",34,1716,"Bazil Thredd"
2761,"Ghamoo-ra",48,4887,"Ghamoo-ra"
2762,"Lady Sarevess",48,4831,"Lady Sarevess"
2764,"Lorgus Jett",48,12902,"Lorgus Jett"
2765,"Old Serra'kis",48,4830,"Old Serra'kis"
2766,"Twilight Lord Kelris",48,4832,"Twilight Lord Kelris"
2767,"Aku'mai",48,4829,"Aku'mai"
2768,"Grubbis",90,7361,"Grubbis"
2769,"Viscous Fallout",90,7079,"Viscous Fallout"
2770,"Electrocutioner 6000",90,6235,"Electrocutioner 6000"
2771,"Crowd Pummeler 9-60",90,6229,"Crowd Pummeler 9-60"
2772,"Mekgineer Thermaplugg",90,7800,"Mekgineer Thermaplugg"
2773,"Roogug",47,6168,"Roogug"
2774,"Aggem Thorncurse",47,4424,"Aggem Thorncurse"
2775,"Death Speaker Jargba",47,4428,"Death Speaker Jargba"
2776,"Overlord Ramtusk",47,4420,"Overlord Ramtusk"
2777,"Agathelos the Raging",47,4422,"Agathelos the Raging"
2778,"Charlga Razorflank",47,4421,"Charlga Razorflank"
2779,"Bloodmage Thalnos",189,4543,"Bloodmage Thalnos"
2780,"Tuten'kash",129,7355,"Tuten'kash"
2781,"Plaguemaw the Rotting",129,7356,"Plaguemaw the Rotting"
2782,"Mordresh Fire Eye",129,7357,"Mordresh Fire Eye"
2783,"Ragglesnout",129,7354,"Ragglesnout"
2784,"Glutton",129,8567,"Glutton"
2785,"Amnennar the Coldbringer",129,7358,"Amnennar the Coldbringer"
2789,"Princess Moira Bronzebeard",230,8929,"Princess Moira Bronzebeard"
2790,"Emperor Dagran Thaurissan",230,9019,"Emperor Dagran Thaurissan"
2792,"Pusillin",429,14354,"Pusillin"
2793,"Lord Hel'nurath",429,14506,"Lord Hel'nurath"
2794,"Tsu'zee",429,11467,"Tsu'zee"
2795,"Black Guard Swordsmith",329,11121,"Black Guard Swordsmith"
2796,"Crimson Hammersmith",329,11120,"Crimson Hammersmith"
2797,"Ezra Grimm",329,11058,"Ezra Grimm"
2798,"Postmaster Malown",329,11143,"Postmaster Malown"
2799,"Skul",329,10393,"Skul"
2800,"Stonespine",329,10809,"Stonespine"
2801,"Darkmaster Gandling",289,1853,"Darkmaster Gandling"
2802,"Doctor Theolen Krastinov",289,11261,"Doctor Theolen Krastinov"
2803,"Instructor Malicia",289,10505,"Instructor Malicia"
2804,"Jandice Barov",289,10503,"Jandice Barov"
2806,"Lady Illucia Barov",289,10502,"Lady Illucia Barov"
2807,"Lord Alexei Barov",289,10504,"Lord Alexei Barov"
2808,"Lorekeeper Polkelt",289,10901,"Lorekeeper Polkelt"
2809,"Marduk Blackpool",289,10433,"Marduk Blackpool"
2810,"Ras Frostwhisperer",289,10508,"Ras Frostwhisper"
2811,"Rattlegore",289,11622,"Rattlegore"
2812,"The Ravenian",289,10507,"The Ravenian"
2813,"Vectus",289,10432,"Vectus"
2814,"Atal'alarion",109,8580,"Atal'alarion"
2825,"Twilight Lord Kelris",48,4832,"Twilight Lord Kelris"
2891,"Aku'mai",48,4829,"Aku'mai"
2899,"Crowd Pummeler 9-60",90,6229,"Crowd Pummeler 9-60"
2910,"Aku'mai",48,4829,"Aku'mai"
2911,"Twilight Lord Kelris",48,4832,"Twilight Lord Kelris"
2912,"Old Serra'kis",48,4830,"Old Serra'kis"
2913,"Lorgus Jett",48,12902,"Lorgus Jett"
2915,"Lady Sarevess",48,4831,"Lady Sarevess"
2916,"Ghamoo-ra",48,4887,"Ghamoo-ra"
2925,"Grubbis",90,7361,"Grubbis"
2927,"Electrocutioner 6000",90,6235,"Electrocutioner 6000"
2928,"Viscous Fallout",90,7079,"Viscous Fallout"
2940,"Mekgineer Thermaplugg",90,7800,"Mekgineer Thermaplugg"
2952,"Atal'alarion",109,8580,"Atal'alarion"
2955,"Dreamscythe and Weaver",109,5721 5720,"Dreamscythe|Weaver"
2956,"Avatar of Hakkar",109,8443,"Avatar of Hakkar"
2957,"Jammal'an and Ogom",109,5710 5711,"Jammal'an the Prophet|Ogom the Wretched"
2958,"Morphaz and Hazzas",109,5719 5722,"Morphaz|Hazzas"
2959,"Shade of Eranikus",109,5709,"Shade of Eranikus"
3023,"Grimroot",2784,264333,"Grimroot"
3024,"Diathorus the Seeker",2784,6072,"Diathorus the Seeker"
3026,"Lord Kazzak",2789,12397,"Lord Kazzak"
3027,"Azuregos",2791,6109,"Azuregos"
3055,"Kormok",289,16118,"Kormok"
3062,"Pyroguard Emberseer",229,9816,"Pyroguard Emberseer"
3063,"Warchief Rend Blackhand",229,10429,"Warchief Rend Blackhand"
3068,"The Beast",229,10430,"The Beast"
3069,"General Drakkisath",229,10363,"General Drakkisath"
3070,"Lord Valthalak",229,16042,"Lord Valthalak"
3079,"Prince Thunderaan",2804,14435,"Prince Thunderaan"
3111,"Emeriss",2832,14889,"Emeriss"
3112,"Lethon",2832,14888,"Lethon"
3113,"Taerar",2832,14890,"Taerar"
3114,"Ysondre",2832,14887,"Ysondre"
3145,"Dark Rider",2875,218931,"Dark Rider"
3170,"Kaigy Maryla",2875,256275,"Kaigy Maryla"
3171,"Sairuh Maryla",2875,256273,"Sairuh Maryla"
3185,"Balnazzar",2856,10813,"Balnazzar"
3296,"Spirit of Mograine",2921,16775,"Spirit of Mograine"
3301,"Mana Elemental",2959,14689,"Mana Elemental"
3582,"Atal'alarion",109,8580,"Atal'alarion"
3583,"Avatar of Hakkar",109,8443,"Avatar of Hakkar"
3584,"Shade of Eranikus",109,5709,"Shade of Eranikus"
3585,"Hazzas",109,5722,"Hazzas"
3586,"Morphaz",109,5719,"Morphaz"
3587,"Weaver",109,5720,"Weaver"
3588,"Dreamscythe",109,5721,"Dreamscythe"
3589,"Jammal'an the Prophet",109,5710,"Jammal'an the Prophet"
3676,"Miner Johnson",36,3586,"Miner Johnson"
